Country Name,Country Code,1990,2000,2016,2017,2018,2019,2020,2021,2022,2023,2024
Afghanistan,AFG,45.118,55.005,62.646,62.406,62.443,62.941,61.454,60.417,65.617,66.035,66.289
Albania,ALB,72.71,74.826,78.643,78.9,79.238,79.467,77.824,76.844,78.769,79.602,79.776
Algeria,DZA,67.658,70.576,75.31,75.431,75.555,75.682,73.257,75.208,76.129,76.261,76.475
American Samoa,ASM,71.107,71.443,72.64,72.801,72.794,72.751,72.672,72.708,72.752,72.852,72.992
Andorra,AND,78.961,81.863,84.489,84.359,84.242,84.098,79.418,82.331,84.016,84.041,84.188
Angola,AGO,41.854,46.501,61.619,62.122,62.622,63.051,63.116,62.958,64.246,64.617,64.805
Antigua and Barbuda,ATG,73.602,74.819,76.968,77.03,77.132,77.168,77.161,77.197,77.483,77.598,77.766
Argentina,ARG,71.615,73.91,76.105,76.543,76.77,76.847,75.878,73.948,75.806,77.395,77.543
Armenia,ARM,67.54936585,72.8804878,74.86829268,75.21707317,75.6195122,76.22195122,73.37560976,72.27804878,74.76585366,77.46585366,78.3195122
Aruba,ABW,72.546,72.939,75.54,75.62,75.88,76.019,75.406,73.655,76.226,76.353,76.5
Australia,AUS,76.99463415,79.23414634,82.44878049,82.5,82.74878049,82.9,83.2,83.3,83.2,83.05121951,83.05121951
Austria,AUT,75.56829268,78.12682927,81.64146341,81.64390244,81.69268293,81.89512195,81.19268293,81.1902439,81.29512195,81.79268293,81.99512195
Azerbaijan,AZE,62.75,65.377,72.568,72.694,73.016,73.29,70.312,70.999,74.125,74.429,74.576
"Bahamas, The",BHS,70.945,72.481,74.042,74.031,74.062,71.408,72.994,70.752,74.491,74.552,74.71
Bahrain,BHR,72.587,74.673,80.407,80.407,80.412,80.471,78.683,78.083,80.992,81.284,81.423
Bangladesh,BGD,55.822,62.049,71.075,71.606,72.122,72.625,71.421,71.103,74.265,74.672,74.93
Barbados,BRB,73.463,74.58,76.168,76.237,76.378,76.495,76.647,76.58,75.676,76.178,76.332
Belarus,BLR,70.83658537,68.91219512,73.82682927,74.12926829,74.17560976,74.22682927,72.13856098,72.07146341,74.10336585,74.18378049,74.36534146
Belgium,BEL,76.05195122,77.72195122,81.43902439,81.49268293,81.59512195,81.99512195,80.69512195,81.7902439,81.74878049,82.4,82.3
Belize,BLZ,69.569,68.911,71.843,72.062,72.322,72.577,71.58,70.917,72.19,73.566,73.739
Benin,BEN,53.02,56.594,59.283,59.528,59.71,59.888,60.154,59.61,60.475,60.774,60.961
Bermuda,BMU,73.952,78.251,80.476,80.686,80.986,81.251,81.456,81.745,82.062,82.309,82.49
Bhutan,BTN,55.811,61.842,71.119,71.413,71.711,72.005,72.253,72.448,72.754,72.975,73.262
Bolivia,BOL,56.797,62.057,67.392,67.536,67.699,67.82,62.906,61.427,67.434,68.581,68.739
Bosnia and Herzegovina,BIH,71.509,75.292,77.124,77.385,77.942,77.394,76.04,74.567,76.777,77.85,78.044
Botswana,BWA,60.104,52.263,64.32,65.42,66.371,67.167,67.643,63.303,68.749,69.163,69.293
Brazil,BRA,65.862,69.584,75.081,75.383,75.633,75.809,74.506,73.038,74.872,75.848,76.023
British Virgin Islands,VGB,72.392,74.753,76.624,75.67,76.728,76.845,76.894,75.297,77.177,77.276,77.431
Brunei Darussalam,BRN,71.629,74.017,74.905,74.943,74.992,75.049,75.114,74.869,72.917,75.327,75.501
Bulgaria,BGR,71.64146341,71.66341463,74.81219512,74.81463415,74.96341463,75.11219512,73.35609756,71.21219512,74.16097561,75.75609756,75.76097561
Burkina Faso,BFA,49.315,50.808,59.173,59.578,59.972,60.184,60.454,60.046,60.7,61.092,61.292
Burundi,BDI,45.184,47.617,60.789,61.345,61.806,62.18,62.569,62.101,62.882,63.651,63.818
Cabo Verde,CPV,63.869,68.117,74.35,74.71,74.84,75.449,73.818,74.424,75.907,76.059,76.224
Cambodia,KHM,55.205,59.491,69.635,69.842,69.993,70.127,70.059,69.301,70.528,70.668,70.817
Cameroon,CMR,54.348,53.338,60.293,60.817,61.189,61.695,61.674,61.146,62.443,63.7,63.968
Canada,CAN,77.43658537,79.16682927,81.94,81.80780488,81.80365854,82.15853659,81.53,81.45146341,81.09487805,81.62634146,82.10804878
Cayman Islands,CYM,72.744,74.378,78.367,78.615,78.835,79.052,79.23,79.3,79.984,80.358,80.54
Central African Republic,CAF,49.854,46.609,50.999,45.231,52.297,31.53,50.596,40.279,18.818,57.408,57.671
Chad,TCD,45.074,47.937,51.603,51.875,52.447,52.993,53.082,53.136,54.528,55.069,55.238
Channel Islands,CHI,76.3,78.8,81.2,81,81.1,81.2,80.9,80.3,81,81.1,81.2
Chile,CHL,73.675,77.128,80.295,80.61,80.559,80.324,79.349,78.876,79.176,81.167,81.359
China,CHN,68.155,72.288,77.214,77.235,77.709,77.94,78.019,78.117,78.202,77.953,78.017
Colombia,COL,68.701,70.905,76.228,76.418,76.579,76.793,74.757,72.698,76.508,77.725,77.913
Comoros,COM,55.62,58.941,64.792,65.127,65.401,65.662,65.756,65.201,66.481,66.777,67.023
"Congo, Dem. Rep.",COD,48.538,51.887,59.081,59.495,59.926,60.242,60.428,60.044,60.979,61.895,62.074
"Congo, Rep.",COG,57.07,55.371,63.911,64.203,64.472,63.152,64.391,64.192,65,65.772,66.001
Costa Rica,CRI,76.094,77.317,79.988,79.994,80.09,80.296,79.725,78.05,79.316,80.799,80.996
Cote d'Ivoire,CIV,52.796,51.393,58.814,59.315,59.795,60.274,60.14,60.29,61.562,61.944,62.11
Croatia,HRV,72.1704878,72.80780488,77.92195122,77.72682927,77.9195122,78.22439024,77.52439024,76.42439024,77.57560976,78.47317073,78.92926829
Cuba,CUB,73.823,75.922,77.571,77.3,77.426,77.413,77.407,73.201,77.629,78.085,78.264
Curacao,CUW,72.439,73.283,76.322,76.423,76.493,76.492,76.501,75.686,76.729,76.8,76.989
Cyprus,CYP,76.044,77.9,81.534,81.543,81.556,81.454,81.23,80.573,80.434,81.648,81.821
Czechia,CZE,71.38390244,74.96829268,79.02682927,78.97804878,79.02926829,79.22926829,78.22682927,77.22195122,78.92926829,79.82682927,79.97804878
Denmark,DNK,74.80536585,76.59268293,80.85365854,81.10243902,80.95365854,81.45121951,81.60243902,81.40487805,81.30487805,81.75365854,82.25365854
Djibouti,DJI,55.469,56.734,63.335,63.71,64.105,64.381,64.2,63.83,65.54,65.987,66.202
Dominica,DMA,70.471,71.715,71.189,68.62,71.378,71.305,71.269,69.832,71.081,71.132,71.294
Dominican Republic,DOM,67.746,70.365,72.889,73.37,73.555,73.112,72.636,71.757,74.211,73.72,73.868
Ecuador,ECU,68.445,72.09,76.094,76.22,77.248,77.286,72.004,72.746,76.577,77.392,77.579
"Egypt, Arab Rep.",EGY,62.513,67.332,70.437,70.709,70.974,71.213,69.79,68.976,71.01,71.633,71.806
El Salvador,SLV,61.981,67.711,70.908,71.007,71.384,71.725,70.244,69.941,71.969,72.099,72.302
Equatorial Guinea,GNQ,51.397,53.395,61.081,61.481,61.915,62.297,62.141,62.447,63.355,63.707,63.906
Eritrea,ERI,49.733,56.285,66.242,66.612,66.979,67.306,66.98,66.94,67.789,68.624,68.893
Estonia,EST,69.47560976,70.41707317,77.64146341,78.09268293,78.24390244,78.64634146,78.59512195,76.94390244,77.84390244,78.79268293,79.29512195
Eswatini,SWZ,61.167,47.627,56.228,57.574,58.707,59.85,59.862,58.228,63.028,64.123,64.264
Ethiopia,ETH,45.117,50.88,64.162,64.766,65.257,65.741,65.969,65.33,66.897,67.315,67.603
Faroe Islands,FRO,76.11880244,78.41190732,81.9621122,82.10629268,82.24860244,82.39128293,82.53419268,82.67632195,82.81622927,82.95211951,83.08324634
Fiji,FJI,65.056,66.194,66.657,67.06,66.965,67.009,66.924,64.904,67.148,67.316,67.463
Finland,FIN,74.81317073,77.46585366,81.42926829,81.63170732,81.73414634,81.98292683,81.93170732,81.88536585,81.18780488,81.58536585,82.33658537
France,FRA,76.6,79.05609756,82.57317073,82.57560976,82.67560976,82.82682927,82.17560976,82.32439024,82.12926829,82.83170732,82.9804878
French Polynesia,PYF,73.908,79,82.555,82.774,82.985,83.195,82.459,79.571,83.859,84.07,84.192
Gabon,GAB,60.736,61.81,66.583,66.816,67.043,67.337,67.073,67.072,67.713,68.337,68.511
"Gambia, The",GMB,51.278,56.899,63.386,63.708,64.034,64.427,64.418,63.847,64.859,65.86,66.057
Georgia,GEO,68.679,70.091,73.136,73.435,73.985,74.165,73.509,71.635,74.141,74.496,74.657
Germany,DEU,75.08563415,77.92682927,80.9902439,80.99268293,80.89268293,81.29268293,81.04146341,80.7902439,80.60804878,81.04146341,80.79268293
Ghana,GHA,55.395,58.139,63.522,63.829,64.138,64.455,64.309,64.286,65.246,65.498,65.695
Gibraltar,GIB,76.814,80.145,82.741,82.858,83.028,83.183,83.07,80.274,83.517,83.553,83.63
Greece,GRC,76.93902439,77.88780488,81.38780488,81.28780488,81.78780488,81.63902439,81.28780488,80.08292683,80.78780488,81.73658537,81.83902439
Greenland,GRL,65.06829268,64.80341463,71.19902439,71.25634146,71.36097561,71.40926829,71.28585366,71.26146341,71.2302439,70.97243902,70.27341463
Grenada,GRD,70.546,72.955,75.01,74.977,74.957,74.971,75.019,74.522,75.151,75.205,75.367
Guam,GUM,73.455,74.894,76.449,76.463,76.561,76.645,75.529,75.434,77.102,77.209,77.422
Guatemala,GTM,61.767,67.102,71.215,71.583,71.496,71.639,69.971,67.858,71.206,72.602,72.746
Guinea,GIN,47.252,52.42,58.49,58.715,59.043,59.379,59.35,59.373,60.432,60.74,60.904
Guinea-Bissau,GNB,46.89,50.565,60.619,61.148,61.652,62.161,61.343,61.653,63.605,64.085,64.254
Guyana,GUY,62.254,64.075,68.069,68.543,68.829,69.067,67.751,64.323,69.888,70.18,70.319
Haiti,HTI,53.215,58.175,63.325,63.832,64.077,64.328,63.773,62.613,63.948,64.936,65.119
Honduras,HND,65.183,68.302,71.615,71.805,72.001,72.124,70.864,69.492,72.715,72.884,73.044
"Hong Kong SAR, China",HKG,77.37073171,80.87317073,84.21146341,84.69560976,84.8697561,85.15585366,85.49634146,85.53268293,83.66097561,85.24731707,85.39268293
Hungary,HUN,69.31560976,71.24634146,76.06341463,75.81707317,76.06585366,76.3195122,75.4195122,74.06585366,75.86829268,76.57073171,76.72439024
Iceland,ISL,78.03634146,79.65365854,82.20487805,82.66097561,82.86097561,83.16341463,83.06341463,83.16585366,82.1195122,82.45609756,82.8097561
India,IND,58.618,62.749,69.709,70.068,70.415,70.746,70.156,67.282,71.698,72.003,72.235
Indonesia,IDN,63.249,66.292,69.733,69.953,70.08,70.349,68.817,67.452,70.925,71.146,71.288
"Iran, Islamic Rep.",IRN,64.066,70.166,76.155,76.396,76.621,76.855,74.141,73.752,76.799,77.654,77.854
Iraq,IRQ,57.587,64.86,68.683,69.788,71.116,71.245,69.651,70.704,72.037,72.324,72.424
Ireland,IRL,74.84607317,76.53658537,81.65365854,82.15609756,82.20487805,82.70243902,82.45609756,82.25365854,82.5097561,82.80731707,83.0097561
Isle of Man,IMN,71.8,74.842,80.391,80.506,80.614,80.74,80.591,80.42,80.956,80.999,81.091
Israel,ISR,76.60731707,78.95365854,82.40731707,82.55121951,82.80243902,82.80487805,82.64878049,82.5,82.7,83.19512195,83.19756098
Italy,ITA,76.97073171,79.77804878,83.24390244,82.94634146,83.34634146,83.49756098,82.19512195,82.64634146,82.7,83.35121951,83.95121951
Jamaica,JAM,71.705,71.281,72.052,71.879,71.606,71.532,71.452,69.085,71.481,71.479,71.606
Japan,JPN,78.83707317,81.07609756,83.98487805,84.0997561,84.21097561,84.35634146,84.56,84.44560976,83.99634146,84.04121951,84.03634146
Jordan,JOR,70.094,71.926,75.55,76.071,76.491,76.865,75.583,74.204,77.088,77.814,77.981
Kazakhstan,KAZ,65.701,63.793,72.549,72.996,73.369,73.658,71.195,70.131,73.503,74.402,74.531
Kenya,KEN,58.334,56.084,62.526,62.725,62.825,62.939,61.596,61.225,63.549,63.646,63.834
Kiribati,KIR,61.018,64.674,65.799,65.787,65.807,65.866,65.205,64.148,66.269,66.473,66.6
"Korea, Dem. People's Rep.",PRK,70.484,60.911,72.971,73.034,73.02,72.928,72.783,73.437,73.641,73.642,73.743
"Korea, Rep.",KOR,71.59756098,75.9097561,82.27560976,82.62682927,82.62682927,83.22682927,83.42682927,83.52682927,82.6804878,83.42926829,83.62926829
Kosovo,XKX,66.508,71.321,76.748,77.105,77.117,77.249,74.212,74.981,77.623,78.033,78.222
Kuwait,KWT,73.41714634,76.22587805,79.67758537,79.91607317,80.10636585,81.9697561,78.76097561,78.73658537,80.58780488,83.18780488,84.5804878
Kyrgyz Republic,KGZ,68.29756098,68.55853659,70.95121951,71.2,71.4,71.6,71.8,71.9,72.04878049,72.24878049,72.4
Lao PDR,LAO,54.035,58.317,67.014,67.345,67.594,67.911,68.339,67.807,68.715,68.964,69.225
Latvia,LVA,69.27317073,70.31463415,74.5804878,74.62926829,74.78292683,75.38780488,75.18536585,72.9804878,74.27804878,75.42682927,76.42926829
Lebanon,LBN,65.479,73.895,78.306,78.192,78.263,78.208,76.299,73.65,78.003,77.817,77.945
Lesotho,LSO,59.317,48.783,52.908,53.874,54.638,55.249,55.133,54.209,56.812,57.375,57.798
Liberia,LBR,37.644,51.852,60.483,60.777,60.999,61.232,61.267,61.166,61.934,62.163,62.324
Libya,LBY,69.312,70.542,71.799,72.721,73.151,72.941,72.388,72.062,74.462,69.339,71.121
Liechtenstein,LIE,78.33153659,76.82682927,82.25853659,83.74634146,83.04146341,84.16097561,81.65853659,84.40243902,84.12195122,84.59512195,84.2
Lithuania,LTU,71.16073171,72.0195122,74.67073171,75.4804878,75.6804878,76.28292683,75.02926829,74.03658537,75.64390244,77.2902439,77.19512195
Luxembourg,LUX,74.7754878,77.87317073,82.68536585,82.09512195,82.29512195,82.63902439,82.14390244,82.59756098,82.94634146,83.3097561,83.19512195
"Macao SAR, China",MAC,76.39868293,80.18292683,83.27560976,83.52682927,83.67804878,83.92926829,84.12926829,83.72926829,83.0804878,83.1804878,83.33170732
Madagascar,MDG,52.14,57.974,63.431,63.433,63.491,63.504,62.706,62.516,63.068,63.632,63.835
Malawi,MWI,43.575,46.17,63.163,63.914,64.464,64.995,65.216,64.782,66.037,67.353,67.561
Malaysia,MYS,70.952,72.732,75.371,75.542,75.734,75.9,76.057,73.917,75.444,76.657,76.821
Maldives,MDV,63.148,70.892,78.913,79.228,79.433,79.707,78.713,78.052,80.76,81.041,81.285
Mali,MLI,46.541,50.605,58.286,58.562,58.873,59.217,58.858,59.116,60.035,60.439,60.675
Malta,MLT,76.04592683,78.34878049,82.35365854,82.19512195,82.24878049,82.65853659,82.09756098,82.25853659,82.29756098,83.35609756,82.95609756
Marshall Islands,MHL,61.756,63.323,65.477,65.673,65.87,66.047,65.387,65.421,66.725,66.945,67.075
Mauritania,MRT,58.087,61.044,66.823,67.088,67.419,67.64,66.794,66.762,68.281,68.484,68.713
Mauritius,MUS,69.40487805,71.66341463,74.39487805,74.51463415,74.41634146,74.23585366,74.17707317,73.6802439,73.51463415,73.41219512,73.78902439
Mexico,MEX,69.034,72.562,74.376,74.261,74.301,74.53,70.449,69.75,73.973,75.069,75.264
"Micronesia, Fed. Sts.",FSM,63.722,64.317,65.576,65.761,65.943,66.196,65.878,66.152,66.961,67.198,67.357
Moldova,MDA,67.92,67.462,70.179,70.375,70.236,70.181,69.914,68.991,71.546,71.198,71.332
Monaco,MCO,79.436,82.121,85.63,85.878,86.084,86.151,86.089,85.113,85.746,86.372,86.497
Mongolia,MNG,58.80119512,63.2104878,70.22390244,70.54341463,70.82707317,71.05317073,71.34902439,71.64512195,71.90073171,72.12243902,72.39804878
Montenegro,MNE,73.69634146,73.39680488,76.54146341,76.68536585,77.88536585,76.68292683,75.93170732,73.82439024,76.18780488,77.58780488,77.8902439
Morocco,MAR,62.396,66.794,73.228,73.608,73.946,74.245,73.133,73.385,75.161,75.313,75.493
Mozambique,MOZ,44.337,49.476,59.455,60.148,60.79,61.306,61.39,60.268,63.011,63.611,63.797
Myanmar,MMR,57.159,60.357,65.64,65.909,66.232,66.457,66.612,65.553,66.506,66.889,67.095
Namibia,NAM,61.359,52.946,60.81,61.661,62.579,63.546,64.071,60.85,64.19,67.385,67.516
Nauru,NRU,59.102,59.574,60.996,61.101,61.238,61.393,61.527,61.331,61.93,62.109,62.279
Nepal,NPL,54.771,62.642,68.444,68.74,69.036,69.299,69.106,68.385,70.087,70.354,70.636
Netherlands,NLD,76.87804878,77.98780488,81.56097561,81.76097561,81.81219512,82.11219512,81.35853659,81.3097561,81.61463415,81.86341463,81.96585366
New Caledonia,NCL,69.526,73.574,77.359,77.504,77.557,77.262,77.049,77.113,77.698,78.766,78.921
New Zealand,NZL,75.37804878,78.63658537,81.65853659,81.85853659,81.70731707,82.05609756,82.25609756,82.20731707,81.95853659,81.75853659,82.0097561
Nicaragua,NIC,62.473,66.36,73.18,73.389,73.879,73.764,70.766,70.478,74.463,74.947,75.1
Niger,NER,41.732,49.172,59.228,59.524,59.765,60.031,59.89,59.542,60.398,61.183,61.433
Nigeria,NGA,45.733,47.143,52.189,52.397,52.669,53.009,53.072,53.455,54.079,54.462,54.635
North Macedonia,MKD,71.17209756,72.94634146,75.4,75.95365854,76.64878049,76.60243902,74.39512195,73.24634146,74.42487805,75.31609756,76.61658537
Northern Mariana Islands,MNP,70.038,74.9,77.392,77.47,77.51,77.844,78.03,78.16,78.531,78.808,78.947
Norway,NOR,76.53731707,78.63414634,82.40731707,82.6097561,82.75853659,82.95853659,83.2097561,83.16341463,82.5097561,83.01219512,83.16097561
Oman,OMN,69.012,73.643,79.581,79.748,79.864,79.946,77.763,75.969,77.911,80.031,80.246
Pakistan,PAK,59.728,61.903,65.943,66.223,66.481,66.729,65.701,65.773,67.417,67.649,67.799
Palau,PLW,62.79,64.499,69.046,69.019,68.989,68.982,68.689,68.563,68.922,69.269,69.383
Panama,PAN,71.266,73.443,77.772,77.901,78.266,78.514,76.33,77.004,79.324,79.594,79.775
Papua New Guinea,PNG,59.778,61.609,64.7,64.923,65.114,65.331,65.075,64.358,65.274,66.134,66.256
Paraguay,PRY,67.341,70.026,73.487,73.45,73.627,73.668,72.72,68.108,72.319,73.844,73.982
Peru,PER,63.979,69.821,75.951,75.958,76.018,76.275,73.832,71.596,76.834,77.74,77.941
Philippines,PHL,64.382,67.789,69.49,69.966,69.761,69.68,70.097,66.675,69.472,69.833,69.946
Poland,POL,70.8902439,73.74878049,77.85121951,77.75365854,77.60243902,77.90487805,76.4,75.35121951,77.15609756,78.25853659,78.4097561
Portugal,PRT,73.96585366,76.31463415,81.12439024,81.42439024,81.32439024,81.67560976,81.32926829,81.37804878,81.63170732,82.32926829,82.38292683
Puerto Rico (US),PRI,72.827,75.514,80.355,79.07,81.086,81.438,80.009,79.77,79.427,81.69,81.902
Qatar,QAT,73.405,75.25,82.147,82.458,82.714,82.945,80.409,81.083,81.857,82.368,82.522
Romania,ROU,69.74121951,71.16341463,75.2097561,75.2097561,75.35853659,75.60731707,74.25365854,72.8097561,75.15365854,76.40487805,76.45853659
Russian Federation,RUS,68.88609756,65.48365854,71.65121951,72.45146341,72.66219512,73.08390244,71.33878049,69.9002439,72.54560976,73.25463415,73.4404878
Rwanda,RWA,47.763,47.798,65.733,66.14,66.354,66.691,66.953,66.85,67.528,67.785,68.017
Samoa,WSM,67.808,70.791,71.003,70.991,71.052,70.269,70.727,71.096,71.55,71.698,71.826
San Marino,SMR,77.783,80.504,84.775,84.933,85.095,85.257,82.65,83.539,85.708,85.706,85.817
Sao Tome and Principe,STP,60.707,61.207,66.563,67.074,67.602,68.043,67.979,68.026,69.237,69.718,69.905
Saudi Arabia,SAU,68.874,72.607,78.354,78.721,78.75,78.313,77.596,77.089,77.31,78.732,78.982
Senegal,SEN,56.674,57.615,66.724,67.059,67.379,67.668,67.496,66.868,67.788,68.683,68.924
Serbia,SRB,72.15526829,71.58292683,75.68780488,75.53902439,75.8902439,75.93658537,74.47804878,72.7804878,75.23658537,76.14146341,75.96829268
Seychelles,SYC,68.10731707,72.77804878,74.3097561,74.3,72.84146341,74.04634146,77.23658537,73.39756098,74.5097561,75.4195122,76.29512195
Sierra Leone,SLE,43.72,44.834,56.937,57.761,59.059,59.593,59.694,60.26,61.275,61.786,61.964
Singapore,SGP,75.29512195,77.95121951,82.84634146,83.09512195,83.29756098,83.59512195,83.54390244,83.09268293,82.89512195,83.09756098,83.34634146
Sint Maarten (Dutch part),SXM,72.414,74.409,75.952,75.455,75.693,75.68,75.002,74.505,76.18,76.371,76.528
Slovak Republic,SVK,70.93268293,73.05121951,77.16585366,77.16585366,77.26585366,77.66585366,76.86585366,74.61463415,76.96585366,78.1195122,78.37073171
Slovenia,SVN,73.20487805,75.41219512,81.17560976,81.02926829,81.37804878,81.52926829,80.53170732,80.67560976,81.28292683,81.92926829,82.28536585
Solomon Islands,SLB,66.194,67.116,69.501,69.652,69.806,69.981,69.258,68.89,70.409,70.528,70.694
"Somalia, Fed. Rep.",SOM,46.896,50.747,55.283,52.19,54.767,57.249,57.095,55.703,53.931,58.816,58.967
South Africa,ZAF,62.942,58.368,64.749,65.422,65.726,66.071,65.15,62.01,65.454,66.139,66.312
South Sudan,SSD,28.628,47.591,36.72,35.351,51.905,58.129,57.648,57.047,57.203,57.617,57.738
Spain,ESP,76.83756098,78.96585366,83.32926829,83.28292683,83.43170732,83.83170732,82.23170732,83.17804878,83.13414634,83.93414634,83.88780488
Sri Lanka,LKA,69.239,71.179,76.136,76.239,76.485,76.698,76.928,76.278,77.3,77.483,77.672
St. Kitts and Nevis,KNA,65.641,69.249,71.227,71.284,71.336,71.54,71.181,69.271,70.313,72.145,72.281
St. Lucia,LCA,70.008,70.779,72.552,72.522,72.655,72.249,72.308,69.119,72.67,72.697,72.846
St. Martin (French part),MAF,74.565,76.793,79.885,78.762,80.029,80.078,80.085,80.206,80.236,80.224,80.438
St. Vincent and the Grenadines,VCT,70.647,70.35,70.7,71.013,71.017,70.994,69.605,69.132,71.191,71.23,71.382
Sudan,SDN,55.497,58.946,64.677,65.146,65.501,65.803,65.124,64.46,65.695,66.331,66.521
Suriname,SUR,62.088,64.409,70.979,71.247,71.468,71.773,72.321,68.943,73.254,73.631,73.757
Sweden,SWE,77.53682927,79.64390244,82.30731707,82.4097561,82.55853659,83.1097561,82.35609756,83.05609756,83.05853659,83.3097561,84.06341463
Switzerland,CHE,77.24243902,79.6804878,83.60243902,83.55121951,83.75365854,83.90487805,83,83.75121951,83.60487805,84.15609756,84.40731707
Syrian Arab Republic,SYR,69.83,70.856,65.19,65.651,67.371,70.97,71.944,72.418,72.79,72.12,72.56
Tajikistan,TJK,61.636,63.542,69.982,70.524,70.737,70.962,68.605,69.594,71.562,71.79,71.927
Tanzania,TZA,51.985,53.244,64.404,64.963,65.488,66.007,66.771,66.131,66.879,66.995,67.212
Thailand,THA,68.924,71.205,76.769,76.989,77.19,77.197,77.331,77.606,75.291,76.412,76.564
Timor-Leste,TLS,45.185,58.097,65.61,65.898,66.204,66.496,66.919,66.199,67.368,67.689,67.904
Togo,TGO,54.566,54.587,59.677,60.145,60.608,61.061,61.14,61.337,62.292,62.74,62.935
Tonga,TON,67.539,69.635,71.951,72.066,72.169,72.292,72.379,72.13,72.635,72.895,73.07
Trinidad and Tobago,TTO,67.591,68.629,72.935,72.984,72.658,72.836,72.645,71.111,73.331,73.49,73.617
Tunisia,TUN,69.092,72.604,75.007,75.177,75.37,75.599,75.004,72.893,76.05,76.508,76.711
Turkiye,TUR,67.835,71.931,76.595,77.037,77.454,77.737,76.525,75.722,77.591,77.156,77.421
Turkmenistan,TKM,63.867,64.931,69.142,69.19,69.272,69.405,68.846,69.353,69.913,70.073,70.201
Turks and Caicos Islands,TCA,70.218,73.972,77.437,77.505,77.596,77.691,77.499,77.234,77.918,78.008,78.181
Tuvalu,TUV,61.643,63.536,65.51,65.683,65.871,66.109,66.357,65.824,66.852,67.105,67.259
Uganda,UGA,47.561,49.64,64.494,65.174,65.775,66.354,66.41,66.45,67.675,68.252,68.487
Ukraine,UKR,70.354,67.786,73.389,73.993,73.569,73.92,73.283,71.631,72.658,73.422,74.692
United Arab Emirates,ARE,71.074,76.347,82.195,82.388,82.449,82.596,81.936,79.083,80.487,82.909,83.069
United Kingdom,GBR,75.8804878,77.74146341,81.15609756,81.25609756,81.25609756,81.36912195,80.3317561,80.64731707,81.01121951,81.23809756,81.38685366
United States,USA,75.21463415,76.63658537,78.53902439,78.53902439,78.63902439,78.78780488,76.9804878,76.32926829,77.43414634,78.38536585,78.8902439
Uruguay,URY,72.994,74.693,77.351,77.618,77.527,77.503,78.381,75.434,76.468,78.138,78.287
Uzbekistan,UZB,65.772,65.456,71.58,71.737,71.999,72.093,71.461,71.681,72.147,72.388,72.528
Vanuatu,VUT,66.684,68.586,70.397,70.5,70.626,70.783,70.385,69.952,71.302,71.477,71.654
"Venezuela, RB",VEN,70.964,72.388,72.002,71.903,72.641,72.766,72.369,71.536,72.566,72.514,72.673
Viet Nam,VNM,69.027,72.746,73.984,74.026,74.1,74.211,75.383,74.145,74.502,74.588,74.736
Virgin Islands (U.S.),VIR,70.67997561,76.6195122,79.16829268,79.36829268,79.5195122,79.66829268,79.8195122,80.06829268,80.3195122,80.5195122,80.77073171
West Bank and Gaza,PSE,67.803,70.298,74.917,75.216,75.38,75.811,74.998,73.89,76.662,65.17,69.213
"Yemen, Rep.",YEM,58.528,62.761,67.105,67.12,65.915,66.567,66.435,66.019,67.952,69.295,69.439
Zambia,ZMB,48.204,46.577,61.129,61.564,62.138,62.914,63.361,62.363,65.279,66.349,66.528
Zimbabwe,ZWE,58.319,46.034,59.76,60.263,60.906,61.06,61.53,60.135,62.36,62.775,63.064
Africa Eastern and Southern,AFE,51.09632645,52.55734186,62.16798132,62.5912751,63.33069136,63.85726128,63.766484,62.97999919,64.48715179,65.14622792,65.34993047
Africa Western and Central,AFW,48.45115887,50.29260517,56.3875628,56.62076423,57.03077113,57.14282681,57.35770914,57.35501505,57.97899547,58.84748338,59.04153801
Arab World,ARB,62.75597273,66.89069989,70.89648812,71.11285601,71.43129979,71.83989327,70.72655881,70.40411449,71.8760956,72.44467836,72.72180503
Caribbean small states,CSS,67.04515051,68.39767583,72.05163612,72.17310416,72.2210854,72.12926048,71.93943593,69.92281075,72.83229211,73.171645,73.31266713
Central Europe and the Baltics,CEB,70.65633134,72.71972472,76.97030623,76.92978872,76.97643808,77.26591419,76.01627013,74.72328279,76.65229873,77.75803847,77.91809515
Early-demographic dividend,EAR,60.63832613,64.21960983,69.94848371,70.27299494,70.54866599,70.84240646,69.88013085,68.17909948,71.43045525,71.79624498,72.00811907
East Asia & Pacific,EAS,68.28254926,71.70283232,75.98701667,76.07899236,76.39142294,76.5862413,76.54339469,76.15294132,76.67671671,76.65720211,76.73789372
East Asia & Pacific (excluding high income),EAP,67.15058425,70.73570716,75.15591177,75.23967149,75.57828618,75.76896903,75.69763933,75.27814184,75.93254094,75.88068309,75.95931617
East Asia & Pacific (IDA & IBRD countries),TEA,67.10594182,70.86508266,75.183227,75.26716402,75.61012415,75.80428772,75.73384971,75.30098061,75.96103475,75.90856436,75.98695662
Euro area,EMU,75.70557501,78.0398702,81.76810519,81.74702042,81.86763739,82.14610114,81.33669278,81.39312031,81.48694737,82.13789561,82.24687003
Europe & Central Asia,ECS,72.19438766,73.11371239,77.68127784,77.89900783,78.03026288,78.30386163,77.17547691,76.72862085,77.83456513,78.3912342,78.59761619
Europe & Central Asia (excluding high income),ECA,68.20788504,68.85705319,74.03137691,74.4033539,74.59279892,74.81583406,73.55368687,72.88237621,74.57316842,74.79014163,75.142279
Europe & Central Asia (IDA & IBRD countries),TEC,68.87384724,68.36657975,73.69021098,74.13186818,74.2976622,74.59094626,73.14925125,72.15064068,74.18836548,74.69773248,74.96545573
European Union,EUU,74.70253996,77.07824508,80.9529786,80.93015117,81.03034252,81.31945249,80.44147547,80.30719598,80.71332619,81.42493295,81.56084661
Heavily indebted poor countries (HIPC),HPC,49.66901191,53.00160537,62.00591422,62.3173414,62.80080518,63.09193848,63.07481807,62.53275893,63.84223705,64.71824572,64.92039789
High income,HIC,74.47387326,76.04175687,79.72431107,79.85362338,79.9659745,80.19926153,79.20414104,78.79815487,79.42686097,80.14968026,80.39387479
IBRD only,IBD,65.10827213,68.28696493,73.2592309,73.48576078,73.79494395,74.03127189,73.2951357,71.97420338,74.25128211,74.51797646,74.67287464
IDA & IBRD total,IBT,62.77326359,65.65687645,70.61517926,70.83211341,71.15431169,71.39525283,70.75012133,69.66909475,71.67900958,71.99999282,72.13413611
IDA blend,IDB,54.96649734,55.5992723,60.57616645,60.81839291,61.07405428,61.32599738,60.81800661,60.87653574,62.12886414,62.46216433,62.61994079
IDA only,IDX,52.81022915,56.84320273,64.31307502,64.61295283,65.1762396,65.58627511,65.41485022,64.87933952,66.36349834,67.05759577,67.24629312
IDA total,IDA,53.55053295,56.41049893,62.99331973,63.27511349,63.73242681,64.09002912,63.80367074,63.4785278,64.88371789,65.45506608,65.63666281
Late-demographic dividend,LTE,68.24311406,71.28530769,76.29289972,76.41743435,76.77814894,76.99796063,76.69356381,76.30601373,76.95436733,77.12405374,77.23296595
Latin America & Caribbean,LCN,67.50660519,70.8691415,74.67748488,74.83180879,75.0527172,75.20425987,73.18893678,71.81417646,74.64720962,75.64352734,75.81791
Latin America & Caribbean (excluding high income),LAC,67.12894307,70.54989863,74.39816171,74.55633626,74.77844677,74.94154129,72.85214914,71.44225111,74.40131203,75.36196581,75.53620049
Latin America & the Caribbean (IDA & IBRD countries),TLA,67.29804321,70.71841023,74.58947943,74.76141014,74.9760978,75.13197115,73.07474936,71.74492746,74.56842935,75.56992584,75.74473055
Least developed countries: UN classification,LDC,51.03906841,55.40131099,63.72649242,64.03688174,64.60542939,64.97562104,64.83550128,64.26990577,65.76632867,66.51962632,66.70904462
Low & middle income,LMY,62.41917184,65.50264691,70.50234494,70.70832943,71.03770856,71.27519362,70.66882888,69.59947261,71.59906301,71.88724009,72.0240127
Low income,LIC,50.22431207,53.56582668,61.91533731,62.16521805,62.88106636,63.34236447,63.39851238,62.91622899,64.08248695,65.03568342,65.23684807
Lower middle income,LMC,57.68607072,61.06760398,67.30849561,67.62393254,67.94144322,68.23628416,67.6210997,66.00707233,69.03024731,69.32824451,69.52434275
"Middle East, North Africa, Afghanistan & Pakistan",MEA,62.40643404,66.22251382,70.42886352,70.70965927,70.94032135,71.2438695,69.91107896,69.71131935,71.69172932,72.08383647,72.3150125
"Middle East, North Africa, Afghanistan & Pakistan (excluding high income)",MNA,61.86242007,65.63684715,69.53283764,69.81413164,70.0733669,70.41748459,69.05063429,68.92802148,71.00553154,71.27588499,71.48718638
"Middle East, North Africa, Afghanistan & Pakistan (IDA & IBRD)",TMN,61.8297162,65.6072409,69.49618264,69.77724095,70.03684444,70.38009178,69.0090964,68.89310323,70.96543255,71.31945609,71.50352055
Middle income,MIC,63.33972087,66.51902939,71.43002757,71.64599264,71.94846294,72.17739129,71.51131746,70.3885568,72.50341145,72.72774433,72.87260738
North America,NAC,75.4361985,76.88503324,78.88001038,78.86828828,78.96027679,79.13288972,77.44928259,76.85901906,77.81720625,78.73045135,79.2390403
Not classified,INX,..,..,..,..,..,..,..,..,..,..,..
OECD members,OED,74.53856707,76.8195166,79.89142175,79.93091756,80.02736517,80.24492219,78.95785827,78.58672052,79.51708777,80.16297341,80.39857051
Other small states,OSS,65.02471238,66.43853654,71.77073419,72.1178743,72.42178504,72.65701164,72.50970978,71.76997193,72.90622142,73.58498154,73.81379602
Pacific island small states,PSS,65.40796957,66.89148328,68.28565086,68.5192875,68.58258879,68.64215783,68.35681088,67.48102092,69.1004349,69.2745949,69.44035694
Post-demographic dividend,PST,75.47399173,77.35137565,80.61119945,80.66482145,80.74347518,80.96991077,80.06570278,79.79327967,80.19255945,80.83426783,81.11240651
Pre-demographic dividend,PRE,48.93073102,51.74984179,59.2361027,59.5398409,60.20719449,60.55641556,60.50079024,60.27435162,61.38242175,62.16306037,62.35374423
Small states,SST,65.58557398,66.98810184,71.37355076,71.65187524,71.86407356,72.00096073,71.82555528,70.77568259,72.38029723,72.91304002,73.11152725
South Asia,SAS,58.40661538,62.80363052,69.91847071,70.29047234,70.6523574,70.99756231,70.3622207,67.82152998,72.01157313,72.32476488,72.55996145
South Asia (IDA & IBRD),TSA,58.40661538,62.80363052,69.91847071,70.29047234,70.6523574,70.99756231,70.3622207,67.82152998,72.01157313,72.32476488,72.55996145
Sub-Saharan Africa,SSF,50.03384614,51.64378035,59.81224436,60.15848521,60.7668942,61.12941704,61.16767403,60.70300481,61.85691168,62.60274065,62.80368177
Sub-Saharan Africa (excluding high income),SSA,50.03143477,51.64126136,59.81093971,60.15723038,60.76584077,61.12830931,61.16631947,60.701953,61.85567657,62.60152104,62.80241241
Sub-Saharan Africa (IDA & IBRD countries),TSS,50.03384614,51.64378035,59.81224436,60.15848521,60.7668942,61.12941704,61.16767403,60.70300481,61.85691168,62.60274065,62.80368177
Upper middle income,UMC,67.34264635,70.74535814,75.0906549,75.2402307,75.55118194,75.74420277,75.05933165,74.41805685,75.72851926,75.91798644,76.0451248
World,WLD,65.10855642,67.65047787,72.1858229,72.36629676,72.64424085,72.8699112,72.18320402,71.21607803,72.96895855,73.33022303,73.48181842
